Latitude,Longitude,name_en
34.84694,67.82525,Cultural Landscape and Archaeological Remains of the Bamiyan Valley
34.39641667,64.51588889,Minaret and Archaeological Remains of Jam
40.07416667,20.14083333,Historic Centres of Berat and Gjirokastra
39.745732,20.02095,Butrint
35.81844,4.78684,Al Qal'a of Beni Hammad
25.5,9.0,Tassili n'Ajjer
32.48333,3.68333,M'Zab Valley
36.32056,5.73667,Dj¨¦mila
36.55,2.383333333,Tipasa
35.48416667,6.468861111,Timgad
36.78333,3.06028,Kasbah of Algiers
42.49472222,1.595555556,Madriu-Perafita-Claror Valley
-6.268888889,14.24972222,"Mbanza Kongo, Vestiges of the Capital of the former Kingdom of Kongo"
17.00694444,-61.76166667,Antigua Naval Dockyard and Related Archaeological Sites
-50.0,-73.24944,Los Glaciares National Park
-25.577357,-54.286073,Iguazu National Park
-47.15,-70.66666667,"Cueva de las Manos, R¨ªo Pinturas"
-42.5,-64.0,Pen¨ªnsula Vald¨¦s
-30.0,-68.0,Ischigualasto / Talampaya Natural Parks
-31.42056,-64.19111,Jesuit Block and Estancias of C¨®rdoba
-23.19986111,-65.34886111,Quebrada de Humahuaca
-42.8528,-71.8728,Los Alerces National Park
-34.53664167,-58.46533333,"ESMA Museum and Site of Memory ¨C Former Clandestine Centre of Detention, Torture and Extermination"
41.095,44.71028,Monasteries of Haghpat and Sanahin
40.140439,44.818525,Monastery of Geghard and the Upper Azat Valley
40.15931,44.29514,Cathedral and Churches of Echmiatsin and the Archaeological Site of Zvartnots
-12.83333333,132.8333333,Kakadu National Park
-18.28611111,147.7,Great Barrier Reef
-33.85666667,151.2152778,Sydney Opera House
-34.0,143.0,Willandra Lakes Region
-43.11847222,146.2305556,Tasmanian Wilderness
-31.56555556,159.0883333,Lord Howe Island Group
-28.25,150.05,Gondwana Rainforests of Australia
-25.33333333,131.0,Ulu<U>r</U>u-Kata Tju<U>t</U>a National Park
-15.65,144.9666667,Wet Tropics of Queensland
-53.1,73.5,Heard and McDonald Islands
-25.48611111,113.4361111,"Shark Bay, Western Australia"
-54.59472222,158.8955556,Macquarie Island
-25.21666667,153.1333333,K¡¯gari (Fraser Island)
-19.08333333,138.7166667,Australian Fossil Mammal Sites (Riversleigh / Naracoorte)
-33.7,150.0,Greater Blue Mountains Area
-17.5,128.5,Purnululu National Park
-37.80611111,144.9702778,Royal Exhibition Building and Carlton Gardens
-33.37833333,150.9944444,Australian Convict Sites
-22.5625,113.8102778,Ningaloo Coast
-38.08111111,141.8852778,Budj Bim Cultural Landscape
47.80055556,13.04333333,Historic Centre of the City of Salzburg
47.64877778,15.82797222,Semmering Railway
48.18666667,16.31333333,Palace and Gardens of Sch?nbrunn
47.55944444,13.64638889,Hallstatt-Dachstein / Salzkammergut Cultural Landscape
47.07305556,15.43861111,City of Graz ¨C Historic Centre and Schloss Eggenberg
48.36444444,15.43416667,Wachau Cultural Landscape
48.2094,16.3699,Historic Centre of Vienna
40.36666667,49.83333333,Walled City of Baku with the Shirvanshah's Palace and Maiden Tower
40.125,49.375,Gobustan Rock Art Cultural Landscape
41.20333333,47.1875,Historic Centre of Sheki with the Khan¡¯s Palace
40.7059,48.8854,Cultural Landscape of Khinalig People and ¡°K?? Yolu¡± Transhumance Route
26.23306,50.52722222,Qal¡¯at al-Bahrain ¨C Ancient Harbour and Capital of Dilmun
26.24128,50.61351,"Pearling, Testimony of an Island Economy"
26.14972222,50.51277778,Dilmun Burial Mounds
22.66667,89.8,Historic Mosque City of Bagerhat
25.03333333,88.98333333,Ruins of the Buddhist Vihara at Paharpur
21.95,89.18333,The Sundarbans
13.09666667,-59.61388889,Historic Bridgetown and its Garrison
53.45108333,26.47272222,Mir Castle Complex
53.22278,26.69139,"Architectural, Residential and Cultural Complex of the Radziwill Family at Nesvizh"
51.03097222,4.47375,Flemish B¨¦guinages
50.48111,4.13722,"The Four Lifts on the Canal du Centre and their Environs, La Louvi¨¨re and Le Roeulx (Hainaut)"
50.84668,4.35242,"La Grand-Place, Brussels"
51.20891,3.22527,Historic Centre of Brugge
50.82806,4.36223,Major Town Houses of the Architect Victor Horta (Brussels)
50.42011348,3.982268911,Neolithic Flint Mines at Spiennes (Mons)
50.60603,3.38926,Notre-Dame Cathedral in Tournai
51.21833,4.39778,Plantin-Moretus House-Workshops-Museum Complex
50.835,4.416111111,Stoclet House
50.43527778,3.838333333,Major Mining Sites of Wallonia
17.190549,-87.846213,Belize Barrier Reef Reserve System
7.183333333,1.983333333,Royal Palaces of Abomey
-19.599112,-65.749813,City of Potos¨ª
-16.0,-60.5,Jesuit Missions of the Chiquitos
-19.04799,-65.259592,Historic City of Sucre
-16.555003,-68.673278,Tiwanaku: Spiritual and Political Centre of the Tiwanaku Culture
-18.178323,-63.820485,Fuerte de Samaipata
-14.26667,-60.86667,Noel Kempff Mercado National Park
43.33730556,17.815,Old Bridge Area of the Old City of Mostar
43.78144444,19.288025,Mehmed Pa?a Sokolovi? Bridge in Vi?egrad
42.83611111,17.98361111,"Vjetrenica Cave, Ravno"
-18.75,21.73333333,Tsodilo
-19.28333333,22.9,Okavango Delta
-20.38888889,-43.50555556,Historic Town of Ouro Preto
-8.013333333,-34.845,Historic Centre of the Town of Olinda
-12.972917,-38.512981,Historic Centre of Salvador de Bahia
-20.508201,-43.860806,Sanctuary of Bom Jesus do Congonhas
-25.44814722,-53.80014444,Igua?u National Park
-15.78333,-47.9,Brasilia
-8.718634,-42.652436,Serra da Capivara National Park
-2.530054,-44.303369,Historic Centre of S?o Lu¨ªs
-18.244776,-43.59768,Historic Centre of the Town of Diamantina
-16.5,-39.25,Discovery Coast Atlantic Forest Reserves
-24.16667,-48.0,Atlantic Forest South-East Reserves
-15.934231,-50.140164,Historic Centre of the Town of Goi¨¢s
-2.333333333,-62.00833333,Central Amazon Conservation Complex
-17.670318,-57.461874,Pantanal Conservation Area
-3.857944444,-32.42511111,Brazilian Atlantic Islands: Fernando de Noronha and Atol das Rocas Reserves
-14.00569444,-47.68461111,Cerrado Protected Areas: Chapada dos Veadeiros and Emas National Parks
-22.94777778,-43.29138889,Rio de Janeiro: Carioca Landscapes between the Mountain and the Sea
-11.01365544,-37.20537476,S?o Francisco Square in the Town of S?o Crist¨®v?o
-23.01860556,-44.68536944,Paraty and Ilha Grande ¨C Culture and Biodiversity
-19.85194444,-43.97361111,Pampulha Modern Ensemble
-22.89711111,-43.18739444,Valongo Wharf Archaeological Site
-2.536666667,-43.06361111,Len?¨®is Maranhenses National Park
-23.02237778,-43.54622222,S¨ªtio Roberto Burle Marx
42.64463194,23.26618278,Boyana Church
43.277375,27.118894,Madara Rider
42.625774,25.399172,Thracian Tomb of Kazanlak
43.694858,25.987893,Rock-Hewn Churches of Ivanovo
42.133298,23.340187,Rila Monastery
42.65911111,27.73602778,Ancient City of Nessebar
44.11444,27.07806,Srebarna Nature Reserve
41.74272222,23.43047222,Pirin National Park
43.66667,26.66667,Thracian Tomb of Sveshtari
10.25,-3.583333333,Ruins of Lorop¨¦ni
12.58775833,-3.328986111,Ancient Ferrous Metallurgy Sites of Burkina Faso
11.08922222,-0.961861111,Royal Court of Ti¨¦b¨¦l¨¦
14.91513889,-23.60519444,"Cidade Velha, Historic Centre of Ribeira Grande"
13.43333333,103.8333333,Angkor
14.38833333,104.6838889,Temple of Preah Vihear
12.8725,105.0430556,"Temple Zone of Sambor Prei Kuk, Archaeological Site of Ancient Ishanapura"
13.78305556,104.5372222,Koh Ker: Archaeological Site of Ancient Lingapura or Chok Gargyar
3.0,13.0,Dja Faunal Reserve
51.58472222,-55.55,L¡¯Anse aux Meadows National Historic Site
61.54722222,-125.5894444,Nahanni National Park
50.76777778,-111.4922222,Dinosaur Provincial Park
52.095,-131.2202778,S<U>G</U>ang Gwaay
49.70840556,-113.6520528,Head-Smashed-In Buffalo Jump
59.35833333,-112.2933333,Wood Buffalo National Park
46.80944444,-71.21055556,Historic District of Old Qu¨¦bec
51.42472222,-116.4797222,Canadian Rocky Mountain Parks
49.6125,-57.53138889,Gros Morne National Park
48.105,-66.35305556,Miguasha National Park
44.37611111,-64.30916667,Old Town Lunenburg
44.99438611,-75.765125,Rideau Canal
45.70972222,-64.43583333,Joggins Fossil Cliffs
45.11833333,-64.30722222,Landscape of Grand Pr¨¦
51.726925,-56.42952222,Red Bay Basque Whaling Station
51.82641667,-95.41127778,Pimachiowin Aki
46.635,-53.21111111,Mistaken Point
64.05034722,-139.4399472,Tr¡¯ond?k-Klondike
49.075,-111.6333333,Writing-on-Stone / ?¨ªs¨ªnai¡¯pi
49.53861111,-63.24527778,Anticosti
9.0,21.5,Manovo-Gounda St Floris National Park
19.055,20.50555556,Lakes of Ounianga
17.04166667,21.86277778,Ennedi Massif: Natural and Cultural Landscape
-27.074403,-109.365683,Rapa Nui National Park
-33.04063889,-71.628,Historic Quarter of the Seaport City of Valpara¨ªso
-42.5,-73.76666667,Churches of Chilo¨¦
-20.20582,-69.79406,Humberstone and Santa Laura Saltpeter Works
-34.08444444,-70.38277778,Sewell Mining Town
-18.48196111,-70.32157222,Settlement and Artificial Mummification of the Chinchorro Culture in the Arica and Parinacota Region
36.26667,117.1,Mount Taishan
40.41667,116.08333,The Great Wall
41.79416667,123.4469444,Imperial Palaces of the Ming and Qing Dynasties in Beijing and Shenyang
40.13333,94.81667,Mogao Caves
34.381311,109.259951,Mausoleum of the First Qin Emperor
39.689449,115.922702,Peking Man Site at Zhoukoudian
30.145333,118.155083,Mount Huangshan
33.08333,103.91667,Jiuzhaigou Valley Scenic and Historic Interest Area
32.75417,103.82222,Huanglong Scenic and Historic Interest Area
29.33333,110.5,Wulingyuan Scenic and Historic Interest Area
40.98694,117.93833,"Mountain Resort and its Outlying Temples, Chengde"
35.613215,116.994561,Temple and Cemetery of Confucius and the Kong Family Mansion in Qufu
32.46667,111.0,Ancient Building Complex in the Wudang Mountains
29.65792,91.11717,"Historic Ensemble of the Potala Palace, Lhasa"
29.43333333,115.8666667,Lushan National Park
29.5449,103.76925,"Mount Emei Scenic Area, including Leshan Giant Buddha Scenic Area"
26.86667,100.23333,Old Town of Lijiang
37.20139,112.15444,Ancient City of Ping Yao
31.31666667,120.45,Classical Gardens of Suzhou
39.91055556,116.1411111,"Summer Palace, an Imperial Garden in Beijing"
39.84555556,116.4447222,Temple of Heaven: an Imperial Sacrificial Altar in Beijing
27.72638889,117.7252778,Mount Wuyi
29.70111,105.705,Dazu Rock Carvings
31.00167,103.60528,Mount Qingcheng and the Dujiangyan Irrigation System
29.90444444,117.9875,Ancient Villages in Southern Anhui ¨C Xidi and Hongcun
34.46666667,112.4666667,Longmen Grottoes
41.70722222,124.7938889,Imperial Tombs of the Ming and Qing Dynasties
40.10972,113.12222,Yungang Grottoes
27.895,98.40638889,Three Parallel Rivers of Yunnan Protected Areas
22.19129194,113.5364611,Historic Centre of Macao
23.09327778,102.7799806,Cultural Landscape of Honghe Hani Rice Terraces
22.28551944,112.5658611,Kaiping Diaolou and Villages
25.02305556,117.6858333,Fujian <em>Tulou</em>
36.12666667,114.3138889,Yin Xu
41.15694444,126.1872222,Capital Cities and Tombs of the Ancient Koguryo Kingdom
30.83333333,103.0,"Sichuan Giant Panda Sanctuaries - Wolong, Mt Siguniang and Jiajin Mountains"
24.92333333,110.3544444,South China Karst
39.03055556,113.5633333,Mount Wutai
28.91583333,118.0644444,Mount Sanqingshan National Park
34.45874722,113.0677194,Historic Monuments of Dengfeng in ¡°The Centre of Heaven and Earth¡±
30.2375,120.1408333,West Lake Cultural Landscape of Hangzhou
28.42194444,106.0425,China Danxia
24.66888889,102.9772222,Chengjiang Fossil Site
42.358,116.1851278,Site of Xanadu
41.96833333,80.35416667,Xinjiang Tianshan
34.69388889,112.4683333,The Grand Canal
28.99861111,109.9669444,Tusi Sites
22.25555556,107.0230556,Zuojiang Huashan Rock Art Cultural Landscape
31.46972222,110.2077778,Hubei Shennongjia
35.38027778,92.43916667,Qinghai Hoh Xil
24.4475,118.0619444,"Kulangsu, a Historic International Settlement"
27.89555556,108.68,Fanjingshan
24.71027778,118.4441667,Quanzhou: Emporium of the World in Song-Yuan China
30.39555556,119.9908333,Archaeological Ruins of Liangzhu City
31.51291667,121.9993889,Migratory Bird Sanctuaries along the Coast of Yellow Sea-Bohai Gulf of China
39.88972222,102.2894444,Badain Jaran Desert - Towers of Sand and Lakes
22.18416667,100.0075,Cultural Landscape of Old Tea Forests of the Jingmai Mountain in Pu¡¯er
39.90722222,116.3913889,Beijing Central Axis: A Building Ensemble Exhibiting the Ideal Order of the Chinese Capital
10.41666667,-75.53333333,"Port, Fortresses and Group of Monuments, Cartagena"
7.803975,-77.146271,Los Kat¨ªos National Park
9.240492,-74.423084,Historic Centre of Santa Cruz de Mompox
2.583333333,-76.03333333,National Archeological Park of Tierradentro
1.916666667,-76.23333333,San Agust¨ªn Archaeological Park
4.889476,-75.773082,Coffee Cultural Landscape of Colombia
0.525277778,-72.79722222,Chiribiquete National Park ¨C ¡°The Maloca of the Jaguar¡±
4.003344,-81.607572,Malpelo Fauna and Flora Sanctuary
1.335555556,14.86027778,Forest Massif of Odzala-Kokoua
5.533333333,-87.06666667,Cocos Island National Park
10.85,-85.61666667,Area de Conservaci¨®n Guanacaste
8.938453,-83.502539,Precolumbian Chiefdom Settlements with Stone Spheres of the Diqu¨ªs
5.648888889,-7.095277778,Ta? National Park
9.0,-4.0,Como¨¦ National Park
5.195833333,-3.736388889,Historic Town of Grand-Bassam
10.49031667,-6.410166667,Sudanese style mosques in northern C?te d¡¯Ivoire
42.64142111,18.10886111,Old City of Dubrovnik
43.50888889,16.43916667,Historical Complex of Split with the Palace of Diocletian
44.87778,15.61444,Plitvice Lakes National Park
45.22858333,13.59333333,Episcopal Complex of the Euphrasian Basilica in the Historic Centre of Pore?
43.51708333,16.25136111,Historic City of Trogir
43.73629,15.89038,The Cathedral of St James in ?ibenik
43.18166667,16.63861111,Stari Grad Plain
23.13333333,-82.35,Old Havana and its Fortification System
21.80305556,-79.98444444,Trinidad and the Valley de los Ingenios
20.45,-75.0,Alejandro de Humboldt National Park
22.61667,-83.71667,Vi?ales Valley
19.968446,-75.870441,"San Pedro de la Roca Castle, Santiago de Cuba"
19.88333,-77.63333,Desembarco del Granma National Park
20.03,-75.39138889,Archaeological Landscape of the First Coffee Plantations in the South-East of Cuba
22.145887,-80.452183,Urban Historic Centre of Cienfuegos
21.37861111,-77.91861111,Historic Centre of Camag¨¹ey
34.75833,32.40556,Paphos
34.92027778,33.09583333,Painted Churches in the Troodos Region
34.79674067,33.34394315,Choirokoitia
50.08972,14.41944,Historic Centre of Prague
48.81069444,14.31502778,Historic Centre of ?esk? Krumlov
49.18413889,15.45397222,Historic Centre of Tel?
49.5802,15.94205833,Pilgrimage Church of St John of Nepomuk at Zelen¨¢ Hora
49.95,15.26666667,Kutn¨¢ Hora: Historical Town Centre with the Church of St Barbara and the Cathedral of Our Lady at Sedlec
48.77583,16.775,Lednice-Valtice Cultural Landscape
49.59393611,17.25045833,Holy Trinity Column in Olomouc
49.3,17.37722222,Gardens and Castle at Krom¨§?¨ª?
48.96963889,14.27261111,Hola?ovice Historic Village
49.87361,16.31444,Litomy?l Castle
49.20718333,16.61605556,Tugendhat Villa in Brno
49.21722222,15.87888889,Jewish Quarter and St Procopius' Basilica in T?eb¨ª?
50.32027778,13.62,?atec and the Landscape of Saaz Hops
50.05665,15.48425833,Landscape for Breeding and Training of Ceremonial Carriage Horses at Kladruby nad Labem
38.86305556,125.415,Complex of Koguryo Tombs
37.98166667,126.5080556,Historic Monuments and Sites in Kaesong
0.916666667,29.16666667,Virunga National Park
4.0,29.25,Garamba National Park
-2.334053,28.180743,Kahuzi-Biega National Park
-2.0,21.0,Salonga National Park
2.0,28.5,Okapi Wildlife Reserve
55.64222222,12.07972222,Roskilde Cathedral
56.03889,12.62083333,Kronborg Castle
55.75638889,9.42,"Jelling Mounds, Runic Stones and Church"
69.13333333,-49.5,Ilulissat Icefjord
55.26722222,12.42333333,Stevns Klint
55.91361111,12.35777778,The par force hunting landscape in North Zealand
61.16444444,-45.59805556,Kujataa Greenland: Norse and Inuit Farming at the Edge of the Ice Cap
67.06393056,-51.43320556,Aasivissuit ¨C Nipisat. Inuit Hunting Ground between Ice and Sea
56.99527778,9.254722222,Viking-Age Ring Fortresses
15.331113,-61.30661,Morne Trois Pitons National Park
18.472394,-69.885841,Colonial City of Santo Domingo
-0.68986,-90.501319,Gal¨¢pagos Islands
-0.22,-78.51208333,City of Quito
-1.83333,-78.33333,Sangay National Park
-2.897447,-79.004382,Historic Centre of Santa Ana de los R¨ªos de Cuenca
29.97604,31.13041,Memphis and its Necropolis ¨C the Pyramid Fields from Giza to Dahshur
25.73333,32.6,Ancient Thebes with its Necropolis
22.33722222,31.62580556,Nubian Monuments from Abu Simbel to Philae
30.05,31.26111,Historic Cairo
30.83583333,29.66666667,Abu Mena
28.55623,33.97543,Saint Catherine Area
29.33333,30.18333,Wadi Al-Hitan (Whale Valley)
13.8275,-89.36916667,Joya de Cer¨¦n Archaeological Site
15.33527778,38.93583333,Asmara: A Modernist African City
59.43333,24.73333333,Historic Centre (Old Town) of Tallinn
13.18333333,38.06666667,Simien National Park
11.10006,40.57939,Lower Valley of the Awash
8.43491,38.6121,Tiya
8.703472222,38.59908333,Melka Kunture and Balchit: Archaeological and Palaeontological Sites in the Highland Area of Ethiopia
14.13019,38.71861,Aksum
4.8,35.96666667,Lower Valley of the Omo
12.02935,39.04042,"Rock-Hewn Churches, Lalibela"
12.607909,37.4697,"Fasil Ghebbi, Gondar Region"
6.797777778,39.74888889,Bale Mountains National Park
9.308888889,42.13777778,"Harar Jugol, the Fortified Historic Town"
5.3,37.4,Konso Cultural Landscape
6.248888889,38.28777778,The Gedeo Cultural Landscape
-17.68337778,178.8345333,Levuka Historical Port Town
61.12056,21.7775,Bronze Age Burial Site of Sammallahdenm?ki
61.12806,21.51167,Old Rauma
60.14722,24.98722,Fortress of Suomenlinna
62.25,25.18333,Pet?j?vesi Old Church
61.06194,26.64083,Verla Groundwood and Board Mill
48.63556,-1.51056,Mont-Saint-Michel and its Bay
48.4475,1.487222222,Chartres Cathedral
48.805,2.119444444,Palace and Park of Versailles
47.46638889,3.748333333,"V¨¦zelay, Church and Hill"
45.0575,1.17,Prehistoric Sites and Decorated Caves of the V¨¦z¨¨re Valley
48.40194444,2.698055556,Palace and Park of Fontainebleau
49.895,2.301666667,Amiens Cathedral
44.13572222,4.808416667,"Roman Theatre and its Surroundings and the ""Triumphal Arch"" of Orange"
43.67763889,4.630694444,"Arles, Roman and Romanesque Monuments"
47.63944,4.38911,Cistercian Abbey of Fontenay
46.9375,5.876388889,"From the Great Saltworks of Salins-les-Bains to the Royal Saltworks of Arc-et-Senans, the Production of Open-pan Salt"
43.95277778,4.806111111,"Historic Centre of Avignon: Papal Palace, Episcopal Ensemble and Avignon Bridge"
48.69361111,6.183333333,"Place Stanislas, Place de la Carri¨¨re and Place d'Alliance in Nancy"
46.56472,0.86611,Abbey Church of Saint-Savin sur Gartempe
42.32519444,8.628833333,"Gulf of Porto: Calanche of Piana, Gulf of Girolata, Scandola Reserve"
43.94722222,4.535277778,Pont du Gard (Roman Aqueduct)
43.2070631,2.3636562,Historic Fortified City of Carcassonne
48.58444444,7.748888889,"Strasbourg, Grande-?le and <em>Neustadt</em>"
48.8655,2.321138889,"Paris, Banks of the Seine"
49.25333333,4.032777778,"Cathedral of Notre-Dame, Former Abbey of Saint-R¨¦mi and Palace of Tau, Reims"
47.08222222,2.398333333,Bourges Cathedral
43.61138889,1.416388889,Canal du Midi
45.18405556,0.722944444,Routes of Santiago de Compostela in France
45.76722,4.83333,Historic Site of Lyon
48.55972222,3.298888889,"Provins, Town of Medieval Fairs"
44.89472222,-0.155277778,Jurisdiction of Saint-Emilion
47.39889,0.70278,The Loire Valley between Sully-sur-Loire and Chalonnes
-20.41194444,164.5663889,Lagoons of New Caledonia: Reef Diversity and Associated Ecosystems
44.22027778,3.473055556,"The Causses and the C¨¦vennes, Mediterranean agro-pastoral Cultural Landscape"
49.49278,0.1075,"Le Havre, the City Rebuilt by Auguste Perret"
44.83888889,-0.572222222,"Bordeaux, Port of the Moon"
47.23611111,6.026944444,Fortifications of Vauban
-21.09944444,55.48,"Pitons, cirques and remparts of Reunion Island"
43.92916667,2.144166667,Episcopal City of Albi
50.4625,3.546111111,Nord-Pas de Calais Mining Basin
47.05805556,4.864444444,"The Climats, terroirs of Burgundy"
44.3875,4.416111111,"Decorated Cave of Pont d¡¯Arc, known as Grotte Chauvet-Pont d¡¯Arc, Ard¨¨che"
45.77938889,2.965111111,Cha?ne des Puys - Limagne fault tectonic arena
49.0775,3.946111111,"Champagne Hillsides, Houses and Cellars"
-16.8414,-151.3723778,Taputapu¨¡tea
43.83822222,4.356194444,The Maison Carr¨¦e of N?mes
-49.38036111,69.35280556,French Austral Lands and Seas
45.58630556,-1.173333333,Cordouan Lighthouse
43.70169444,7.272305556,"Nice, Winter Resort Town of the Riviera"
14.82330278,-61.17586111,Volcanoes and Forests of Mount Pel¨¦e and the Pitons of Northern Martinique
-7.969894444,-140.6460475,Te Henua Enata ¨C The Marquesas Islands
-0.5,11.5,Ecosystem and Relict Cultural Landscape of Lop¨¦-Okanda
0.406111111,12.64083333,Ivindo National Park
13.31616667,-16.35719444,Kunta Kinteh Island and Related Sites
41.84227778,44.72102778,Historical Monuments of Mtskheta
42.914,43.009,Upper Svaneti
42.29472222,42.76833333,Gelati Monastery
41.70227778,41.9512,Colchic Rainforests and Wetlands
50.77474685,6.083919968,Aachen Cathedral
49.31722222,8.442388889,Speyer Cathedral
49.79278,9.93889,W¨¹rzburg Residence with the Court Gardens and Residence Square
52.15278,9.94389,St Mary's Cathedral and St Michael's Church at Hildesheim
47.68127778,10.90013889,Pilgrimage Church of Wies
53.86667,10.69167,Hanseatic City of L¨¹beck
50.82502778,6.909777778,Castles of Augustusburg and Falkenlust at Br¨¹hl
50.94111111,6.957222222,Cologne Cathedral
49.75,6.633333333,"Roman Monuments, Cathedral of St Peter and Church of Our Lady in Trier"
49.65369,8.56858,Abbey and Altenm¨¹nster of Lorsch
52.4,13.03333333,Palaces and Parks of Potsdam and Berlin
51.8425,12.42083,Garden Kingdom of Dessau-W?rlitz
51.78333,11.15,"Collegiate Church, Castle and Old Town of Quedlinburg"
49.00083,8.81306,Maulbronn Monastery Complex
51.82,10.34,"Mines of Rammelsberg, Historic Town of Goslar and Upper Harz Water Management System"
49.89166667,10.88888889,Town of Bamberg
49.24872222,6.844222222,V?lklingen Ironworks
49.918,8.757,Messel Pit Fossil Site
50.97477778,11.3295,"Bauhaus and its Sites in Weimar, Dessau and Bernau"
51.86472,12.65278,Luther Memorials in Eisleben and Wittenberg
50.9775,11.32861,Classical Weimar
52.51972222,13.39861111,"Museumsinsel (Museum Island), Berlin"
50.96677778,10.307,Wartburg Castle
47.69872222,9.061305556,Monastic Island of Reichenau
51.49138889,7.046111111,Zollverein Coal Mine Industrial Complex in Essen
50.17361111,7.694166667,Upper Middle Rhine Valley
54.3025,13.08527778,Historic Centres of Stralsund and Wismar
53.07597222,8.807472222,Town Hall and Roland on the Marketplace of Bremen
49.02055556,12.09916667,Old town of Regensburg with Stadtamhof
52.44833333,13.45,Berlin Modernism Housing Estates
51.98388889,9.812222222,Fagus Factory in Alfeld
49.94439311,11.57849794,Margravial Opera House Bayreuth
51.31583333,9.393055556,Bergpark Wilhelmsh?he
51.77827778,9.41025,Carolingian Westwork and Civitas Corvey
53.54555556,9.999444444,Speicherstadt and Kontorhaus District with Chilehaus
51.15480556,11.804,Naumburg Cathedral
48.38777778,9.765555556,Caves and Ice Age Art in the Swabian Jura
54.46194444,9.454111111,Archaeological Border complex of Hedeby and the Danevirke
48.36547222,10.902,Water Management System of Augsburg
49.87638889,8.6675,Mathildenh?he Darmstadt
49.31621111,8.439538889,"ShUM Sites of Speyer, Worms and Mainz"
50.97866389,11.02923333,Jewish-Medieval Heritage of Erfurt
53.62416667,11.41888889,Schwerin Residence Ensemble
5.39103,-0.49361,"Forts and Castles, Volta, Greater Accra, Central and Western Regions"
6.401111111,-1.625833333,Asante Traditional Buildings
37.43498,21.89694,Temple of Apollo Epicurius at Bassae
38.48149,22.49617,Archaeological Site of Delphi
37.97087,23.72618,"Acropolis, Athens"
40.26667,24.21667,Mount Athos
39.71667,21.63333,Meteora
40.63833,22.965,Paleochristian and Byzantine Monuments of Thessalonika
37.6,23.08055556,Sanctuary of Asklepios at Epidaurus
36.44722,28.22778,Medieval City of Rhodes
37.08056,22.36667,Archaeological Site of Mystras
37.64,21.634,Archaeological Site of Olympia
37.4,25.26667,Delos
38.39527778,22.74666667,"Monasteries of Daphni, Hosios Loukas and Nea Moni of Chios"
37.69083,26.94333,Pythagoreion and Heraion of Samos
40.47139,22.31833,Archaeological Site of Aigai (modern name Vergina)
37.73333333,22.75,Archaeological Sites of Mycenae and Tiryns
37.3,26.55,The Historic Centre (Chor¨¢) with the Monastery of Saint-John the Theologian and the Cave of the Apocalypse on the Island of P¨¢tmos
39.62394139,19.9275,Old Town of Corfu
41.01472222,24.28527778,Archaeological Site of Philippi
39.90527778,20.81972222,Zagori Cultural Landscape
17.21666667,-89.61666667,Tikal National Park
14.556504,-90.73381,Antigua Guatemala
15.27059,-89.04025,Archaeological Park and Ruins of Quirigua
14.63861111,-91.7325,National Archaeological Park Tak¡¯alik Ab¡¯aj
19.573025,-72.234268,"National History Park ¨C Citadel, Sans Souci, Ramiers"
41.90216,12.45736,Vatican City
14.85,-89.13333,Maya Site of Copan
15.74444444,-84.675,R¨ªo Pl¨¢tano Biosphere Reserve
47.48242,19.07067,"Budapest, including the Banks of the Danube, the Buda Castle Quarter and Andr¨¢ssy Avenue"
47.99444,19.52917,Old Village of Holl¨®k? and its Surroundings
47.59458,21.15678,Hortob¨¢gy National Park - the <i>Puszta</i>
47.55889,17.78444,Millenary Benedictine Abbey of Pannonhalma and its Natural Environment
46.07444,18.22778,Early Christian Necropolis of P¨¦cs (Sopianae)
48.15,21.35,Tokaj Wine Region Historic Cultural Landscape
64.25380556,-21.03725,?ingvellir National Park
63.30305556,-20.60222222,Surtsey
64.577363,-16.88154044,Vatnaj?kull National Park - Dynamic Nature of Fire and Ice
28.65555556,77.24083333,Red Fort Complex
28.59333,77.25056,"Humayun's Tomb, Delhi"
28.52583,77.18528,"Qutb Minar and its Monuments, Delhi"
15.50222,73.91167,Churches and Convents of Goa
15.94833,75.81667,Group of Monuments at Pattadakal
24.85222,79.92222,Khajuraho Group of Monuments
15.31444,76.47167,Group of Monuments at Hampi
20.553111,75.70025,Ajanta Caves
20.02639,75.17917,Ellora Caves
18.96667,72.93583,Elephanta Caves
19.8875,86.09472,"Sun Temple, Kon?rak"
24.88333333,74.64611111,Hill Forts of Rajasthan
12.61667,80.19167,Group of Monuments at Mahabalipuram
10.78305556,79.1325,Great Living Chola Temples
27.179806,78.021528,Agra Fort
27.17417,78.04222,Taj Mahal
27.097528,77.6665,Fatehpur Sikri
30.71667,79.66667,Nanda Devi and Valley of Flowers National Parks
26.66666667,93.41666667,Kaziranga National Park
26.725,91.03055556,Manas Wildlife Sanctuary
27.15888889,77.50861111,Keoladeo National Park
21.945,88.89583333,Sundarbans National Park
23.47944,77.73972,Buddhist Monuments at Sanchi
23.85888889,72.10166667,"Rani-ki-Vav (the Queen¡¯s Stepwell) at Patan, Gujarat"
22.92777778,77.58333333,Rock Shelters of Bhimbetka
11.51028,76.93583,Mountain Railways of India
18.94012222,72.83620278,Chhatrapati Shivaji Terminus (formerly Victoria Terminus)
24.69528,84.99389,Mahabodhi Temple Complex at Bodh Gaya
22.48333333,73.53333333,Champaner-Pavagadh Archaeological Park
26.92472222,75.825,"The Jantar Mantar, Jaipur"
8.529722222,77.24972222,Western Ghats
23.68027778,87.68497222,Santiniketan
31.83333333,77.58333333,Great Himalayan National Park Conservation Area
18.92980556,72.83008333,Victorian Gothic and Art Deco Ensembles of Mumbai
25.13666667,85.44388889,"Archaeological Site of Nalanda Mahavihara at Nalanda, Bihar"
27.76472222,88.37722222,Khangchendzonga National Park
23.02638889,72.58805556,Historic City of Ahmadabad
18.25913333,79.94320556,"Kakatiya Rudreshwara (Ramappa) Temple, Telangana"
26.92427778,75.82186111,"Jaipur City, Rajasthan"
23.88840833,70.21330278,Dholavira: a Harappan City
13.21245278,75.99407222,Sacred Ensembles of the Hoysalas
26.94117472,94.87635,Moidams ¨C the Mound-Burial System of the Ahom Dynasty
-7.60778,110.20361,Borobudur Temple Compounds
-7.4,110.8166667,Sangiran Early Man Site
-6.75,105.3333333,Ujung Kulon National Park
-8.54333,119.48944,Komodo National Park
-7.75222,110.49167,Prambanan Temple Compounds
-4.75,137.83333,Lorentz National Park
-2.5,101.5,Tropical Rainforest Heritage of Sumatra
-8.259166667,115.4027778,Cultural Landscape of Bali Province: the <em>Subak</em> System as a Manifestation of the <em>Tri Hita Karana</em> Philosophy
-0.766625556,100.7378833,Ombilin Coal Mining Heritage of Sawahlunto
-7.801388889,110.3647778,The Cosmological Axis of Yogyakarta and its Historic Landmarks
32.00857,48.522118,Tchogha Zanbil
29.93444,52.89028,Persepolis
32.65745,51.67777778,"Meidan Emam, Esfahan"
36.60388889,47.235,Takht-e Soleyman
30.19383,53.16729,Pasargadae
36.43528,48.79667,Soltaniyeh
29.11683,58.36666667,Bam and its Cultural Landscape
34.38833333,47.43666667,Bisotun
38.97888889,45.47333333,Armenian Monastic Ensembles of Iran
32.01861111,48.83583333,Shushtar Historical Hydraulic System
38.24861111,48.29138889,Sheikh Safi al-din Kh¨¡neg¨¡h and Shrine Ensemble in Ardabil
38.08138889,46.29305556,Tabriz Historic Bazaar Complex
30.16666667,53.16666667,The Persian Garden
32.66972222,51.68527778,Masjed-e J¨¡m¨¦ of Isfahan
37.25802778,55.169,Gonbad-e Q¨¡bus
35.68036667,51.42051111,Golestan Palace
30.16805556,55.37555556,Cultural Landscape of Maymand
32.18944444,48.25611111,Susa
30.59388889,61.32777778,Shahr-i Sokhta
30.21611111,58.83888889,Lut Desert
34.29,58.65444444,The Persian Qanat
31.90138889,54.36916667,Historic City of Yazd
29.77748056,51.57045,Sassanid Archaeological Landscape of Fars Region
35.65830556,51.39833333,Trans-Iranian Railway
35.10735833,46.47785,Cultural Landscape of Hawraman/Uramanat
35.05835278,51.42013611,The Persian Caravanserai
34.80238889,48.51668611,Hegmataneh
34.34098944,43.82354306,Samarra Archaeological City
35.58806,42.71833,Hatra
32.54196944,44.42083333,Babylon
35.45666667,43.26111111,Ashur (Qal'at Sherqat)
36.19111111,44.00916667,Erbil Citadel
31.56222222,47.65777778,The Ahwar of Southern Iraq: Refuge of Biodiversity and the Relict Landscape of the Mesopotamian Cities
53.69469444,-6.4755,Br¨² na B¨®inne - Archaeological Ensemble of the Bend of the Boyne
51.77194,-10.53861,Sceilg Mhich¨ªl
31.31555556,35.35361111,Masada
32.92166667,35.06888889,Old City of Acre
32.07777778,34.77416667,White City of Tel-Aviv ¨C the Modern Movement
30.57388889,35.00916667,Incense Route - Desert Cities in the Negev
32.59722,35.18222,"Biblical Tels - Megiddo, Hazor, Beer Sheba"
32.82939667,34.97164889,Bah¨¢¡¯i Holy Places in Haifa and the Western Galilee
31.60111111,34.9,Caves of Maresha and Bet-Guvrin in the Judean Lowlands as a Microcosm of the Land of the Caves
32.66861111,34.96805556,Sites of Human Evolution at Mount Carmel: The Nahal Me¡¯arot / Wadi el-Mughara Caves
32.70222222,35.12694444,Necropolis of Bet She¡¯arim: A Landmark of Jewish Renewal
45.466,9.171,Church and Dominican Convent of Santa Maria delle Grazie with ¡°The Last Supper¡± by Leonardo da Vinci
45.95705556,10.29733333,Rock Drawings in Valcamonica
43.77306,11.25611,Historic Centre of Florence
43.85777778,11.30416667,Medici Villas and Gardens in Tuscany
45.43430556,12.33894444,Venice and its Lagoon
43.72305556,10.39638889,"Piazza del Duomo, Pisa"
41.08480556,16.27094444,Castel del Monte
41.07333,14.32639,"18th-Century Royal Palace at Caserta with the Park, the Aqueduct of Vanvitelli, and the San Leucio Complex"
43.46806,11.04167,Historic Centre of San Gimignano
40.66638889,16.61027778,The Sassi and the Park of the Rupestrian Churches of Matera
45.54916667,11.54944444,City of Vicenza and the Palladian Villas of the Veneto
43.31861111,11.33166667,Historic Centre of Siena
40.85138889,14.26277778,Historic Centre of Naples
45.59333,9.53833,Crespi d'Adda
44.83777778,11.61944444,"Ferrara, City of the Renaissance, and its Po Delta"
40.7825,17.23694,The <I>Trulli</I> of Alberobello
44.42041667,12.19625,Early Christian Monuments of Ravenna
43.07694444,11.67861111,Historic Centre of the City of Pienza
45.43861111,10.99388889,City of Verona
45.07253,7.68572,Residences of the Royal House of Savoy
45.39911111,11.88066667,"Botanical Garden (Orto Botanico), Padua"
45.76833333,13.3675,Archaeological Area and the Patriarchal Basilica of Aquileia
44.10694,9.72917,"Portovenere, Cinque Terre, and the Islands (Palmaria, Tino and Tinetto)"
44.64624,10.92568,"Cathedral, Torre Civica and Piazza Grande, Modena"
43.725,12.63333,Historic Centre of Urbino
40.75,14.48333333,"Archaeological Areas of Pompei, Herculaneum and Torre Annunziata"
40.63333333,14.60277778,Costiera Amalfitana
37.28972222,13.59333333,Archaeological Area of Agrigento
37.36611,14.33417,Villa Romana del Casale
39.70583333,8.991388889,Su Nuraxi di Barumini
40.28333333,15.26666667,"Cilento and Vallo di Diano National Park with the Archeological Sites of Paestum and Velia, and the Certosa di Padula"
41.94416667,12.77197222,Villa Adriana (Tivoli)
38.48786111,14.94558333,Isole Eolie (Aeolian Islands)
43.06616667,12.62244444,"Assisi, the Basilica of San Francesco and Other Franciscan Sites"
36.89319444,15.06891667,Late Baroque Towns of the Val di Noto (South-Eastern Sicily)
41.96391667,12.79625,"Villa d'Este, Tivoli"
43.06666667,11.55,Val d'Orcia
45.97455556,9.169555556,<I>Sacri Monti</I> of Piedmont and Lombardy
42.00683333,12.10188889,Etruscan Necropolises of Cerveteri and Tarquinia
37.05944,15.29306,Syracuse and the Rocky Necropolis of Pantalica
44.41222222,8.931111111,Genoa: <i>Le Strade Nuove</i> and the system of the<i> Palazzi dei Rolli</i>
46.61305556,12.16305556,The Dolomites
45.15944444,10.79444444,Mantua and Sabbioneta
46.09416667,13.43305556,Longobards in Italy. Places of the Power (568-774 A.D.)
44.60861111,7.963611111,Vineyard Landscape of Piedmont: Langhe-Roero and Monferrato
37.75611111,14.99666667,Mount Etna
38.11083333,13.35305556,Arab-Norman Palermo and the Cathedral Churches of Cefal¨² and Monreale
45.4575,7.869166667,"Ivrea, industrial city of the 20th century"
45.95302778,12.22611111,Le Colline del Prosecco di Conegliano e Valdobbiadene
45.41188889,11.87961111,Padua¡¯s fourteenth-century fresco cycles
44.49138889,11.33277778,The Porticoes of Bologna
44.37994444,10.38891667,Evaporitic Karst and Caves of Northern Apennines
41.29272222,13.26272222,Via Appia. <em>Regina Viarum</em>
18.0775,-76.57111111,Blue and John Crow Mountains
34.61666667,135.7333333,Buddhist Monuments in the Horyu-ji Area
34.83333333,134.7,Himeji-jo
30.315,130.5086111,Yakushima
40.4525,140.1155556,Shirakami-Sanchi
34.98055556,135.7694444,"Historic Monuments of Ancient Kyoto (Kyoto, Uji and Otsu Cities)"
36.4,136.8833333,Historic Villages of Shirakawa-go and Gokayama
34.395556,132.453611,Hiroshima Peace Memorial (Genbaku Dome)
34.29441667,132.3246389,Itsukushima Shinto Shrine
34.67555556,135.8394444,Historic Monuments of Ancient Nara
36.7475,139.6105556,Shrines and Temples of Nikko
26.20861111,127.6827778,Gusuku Sites and Related Properties of the Kingdom of Ryukyu
33.83694444,135.7763889,Sacred Sites and Pilgrimage Routes in the Kii Mountain Range
43.94944,144.96583,Shiretoko
35.11277778,132.435,Iwami Ginzan Silver Mine and its Cultural Landscape
39.00111111,141.1077778,"Hiraizumi ¨C Temples, Gardens and Archaeological Sites Representing the Buddhist Pure Land"
27.71833333,142.0997222,Ogasawara Islands
35.36083333,138.7275,"Fujisan, sacred place and source of artistic inspiration"
36.25527778,138.8877778,Tomioka Silk Mill and Related Sites
34.43055556,131.4122222,"Sites of Japan¡¯s Meiji Industrial Revolution: Iron and Steel, Shipbuilding and Coal Mining"
32.80222222,128.9038889,Hidden Christian Sites in the Nagasaki Region
34.245,130.1055556,Sacred Island of Okinoshima and Associated Sites in the Munakata Region
28.27916667,129.3783333,"Amami-Oshima Island, Tokunoshima Island, Northern part of Okinawa Island, and Iriomote Island"
34.56222222,135.6094444,Mozu-Furuichi Kofun Group: Mounded Tombs of Ancient Japan
41.06555556,140.5522222,Jomon Prehistoric Sites in Northern Japan
38.04083333,138.2577778,Sado Island Gold Mines
31.77777778,35.23166667,Old City of Jerusalem and its Walls
30.33056,35.44333,Petra
31.80180556,36.58730556,Quseir Amra
32.04261111,35.72830556,As-Salt - The Place of Tolerance and Urban Hospitality
31.50167,35.92056,Um er-Rasas (Kastrom Mefa'a)
29.63972222,35.43388889,Wadi Rum Protected Area
31.83722222,35.55277778,Baptism Site ¡°Bethany Beyond the Jordan¡± (Al-Maghtas)
32.32694444,36.37,Umm Al-Jim¨¡l
50.43333333,69.18888889,Saryarka ¨C Steppe and Lakes of Northern Kazakhstan
43.29769444,68.27105556,Mausoleum of Khoja Ahmed Yasawi
43.80333333,75.535,Petroglyphs of the Archaeological Landscape of Tanbaly
-0.155,37.31555556,Mount Kenya National Park/Natural Forest
3.051305556,36.50366667,Lake Turkana National Parks
-2.284444444,40.8525,Lamu Old Town
-0.4425,36.24,Kenya Lake System in the Great Rift Valley
-3.931944444,39.59611111,Sacred Mijikenda Kaya Forests
-4.062777778,39.67944444,"Fort Jesus, Mombasa"
-0.891338056,34.326107,Thimlich Ohinga Archaeological Site
-3.310263889,40.01726389,The Historic Town and Archaeological Site of Gedi
-3.864454,-172.650203,Phoenix Islands Protected Area
40.53111111,72.78277778,Sulaiman-Too Sacred Mountain
19.88889,102.13333,Town of Luang Prabang
14.84833333,105.8222222,Vat Phou and Associated Ancient Settlements within the Champasak Cultural Landscape
19.43105556,103.1522222,Megalithic Jar Sites in Xiengkhuang ¨C Plain of Jars
56.95417,24.11667,Historic Centre of Riga
56.96775,21.97152778,Old town of Kuld¨©ga
33.73194444,35.93333333,Anjar
34.00666667,36.20416667,Baalbek
34.11917,35.64555556,Byblos
33.26916667,35.19583333,Tyre
34.25388889,36.95111111,Ouadi Qadisha (the Holy Valley) and the Forest of the Cedars of God (Horsh Arz el-Rab)
34.43777778,35.82416667,Rachid Karami International Fair-Tripoli
32.63833,14.29306,Archaeological Site of Leptis Magna
32.80528,12.485,Archaeological Site of Sabratha
32.825,21.85833,Archaeological Site of Cyrene
24.83333,10.33333,Rock-Art Sites of Tadrart Acacus
30.13333333,9.5,Old Town of Ghadam¨¨s
54.68667,25.29306,Vilnius Historic Centre
54.879,24.853,Kernav? Archaeological Site (Cultural Reserve of Kernav?)
54.89694444,23.92916667,"Modernist Kaunas: Architecture of Optimism, 1919-1939"
49.61,6.13333,City of Luxembourg: its Old Quarters and Fortifications
-18.66157778,44.76738611,Andrefana Dry Forests
-18.75917,47.56278,Royal Hill of Ambohimanga
-14.45972222,49.7025,Rainforests of the Atsinanana
-14.03333,34.88333,Lake Malawi National Park
-14.29333333,34.27916667,Chongoni Rock-Art Area
6.25,116.5,Kinabalu Park
4.13333,114.91667,Gunung Mulu National Park
3.813888889,113.7813889,The Archaeological Heritage of Niah National Park¡¯s Caves Complex
5.421388889,100.3458333,"Melaka and George Town, Historic Cities of the Straits of Malacca"
5.067908333,100.9723278,Archaeological Heritage of the Lenggong Valley
13.90639,-4.555,Old Towns of Djenn¨¦
16.77333333,-2.999444444,Timbuktu
14.33333,-3.41667,Cliff of Bandiagara (Land of the Dogons)
16.2898,-0.04456,Tomb of Askia
35.86959,14.50688337,?al Saflieni Hypogeum
35.90056,14.51444,City of Valletta
36.04908,14.26947,Megalithic Temples of Malta
11.6,165.3805556,Bikini Atoll Nuclear Test Site
20.23472,-16.10889,Banc d'Arguin National Park
20.92889,-11.62361,"Ancient <I>Ksour</I> of Ouadane, Chinguetti, Tichitt and Oualata"
-20.15863889,57.50316667,Aapravasi Ghat
-20.45194444,57.32833333,Le Morne Cultural Landscape
19.38333,-87.79167,Sian Ka'an
17.48333,-92.05,Pre-Hispanic City and National Park of Palenque
19.41833,-99.13278,Historic Centre of Mexico City and Xochimilco
19.69167,-98.84167,Pre-Hispanic City of Teotihuacan
17.061579,-96.725885,Historic Centre of Oaxaca and Archaeological Site of Monte Alb¨¢n
19.045967,-98.197769,Historic Centre of Puebla
21.01694,-101.25556,Historic Town of Guanajuato and Adjacent Mines
20.682739,-88.568654,Pre-Hispanic City of Chichen-Itza
27.79222,-114.22778,Whale Sanctuary of El Vizcaino
30.367128,-107.948122,"Archaeological Zone of Paquim¨¦, Casas Grandes"
19.700927,-101.190376,Historic Centre of Morelia
20.446095,-97.377642,"El Tajin, Pre-Hispanic City"
22.775484,-102.573531,Historic Centre of Zacatecas
18.93472222,-98.89777778,Earliest 16th-Century Monasteries on the Slopes of Popocatepetl
27.626963,-113.020427,Rock Paintings of the Sierra de San Francisco
20.36166667,-89.77027778,Pre-Hispanic Town of Uxmal
20.593292,-100.392135,Historic Monuments Zone of Quer¨¦taro
20.676888,-103.337798,"Hospicio Caba?as, Guadalajara"
18.613459,-95.658676,Historic Monuments Zone of Tlacotalpan
19.84639,-90.53722,Historic Fortified Town of Campeche
18.803972,-99.29639,Archaeological Monuments Zone of Xochicalco
18.05302778,-89.73728333,"Ancient Maya City and Protected Tropical Forests of Calakmul, Campeche"
21.20438889,-99.46411111,Franciscan Missions in the Sierra Gorda of Quer¨¦taro
19.41119788,-99.19235334,Luis Barrag¨¢n House and Studio
27.62667,-112.54583,Islands and Protected Areas of the Gulf of California
20.86305556,-103.7786111,Agave Landscape and Ancient Industrial Facilities of Tequila
19.33222222,-99.18805556,Central University City Campus of the <i>Universidad Nacional Aut¨®noma de M¨¦xico</i> (UNAM)
20.91444444,-100.7463889,Protective town of San Miguel and the Sanctuary of Jes¨²s Nazareno de Atotonilco
19.60638889,-100.2416667,Monarch Butterfly Biosphere Reserve
22.60805556,-102.3791667,Camino Real de Tierra Adentro
16.95083333,-96.42111111,Prehistoric Caves of Yagul and Mitla in the Central Valley of Oaxaca
32.0,-113.9166667,El Pinacate and Gran Desierto de Altar Biosphere Reserve
19.83527778,-98.66256667,Aqueduct of Padre Tembleque Hydraulic System
18.78805556,-110.9752778,Archipi¨¦lago de Revillagigedo
17.98996111,-97.18715278,Tehuac¨¢n-Cuicatl¨¢n Valley: originary habitat of Mesoamerica
6.839722222,158.3308333,Nan Madol: Ceremonial Centre of Eastern Micronesia
47.479214,102.678482,Orkhon Valley Cultural Landscape
49.33388889,88.39527778,Petroglyphic Complexes of the Mongolian Altai
48.76197778,109.0093278,Great Burkhan Khaldun Mountain and its surrounding sacred landscape
47.74277778,101.2258333,Deer Stone Monuments and Related Bronze Age Sites
43.133,19.0166,Durmitor National Park
42.48333,18.7,Natural and Culturo-Historical Region of Kotor
34.06111,-4.97778,Medina of Fez
31.63139,-7.98667,Medina of Marrakesh
31.04722,-7.12889,Ksar of Ait-Ben-Haddou
31.51411111,-9.770305556,Medina of Essaouira (formerly Mogador)
33.88333,-5.55833,Historic City of Meknes
34.07389,-5.55694,Archaeological Site of Volubilis
35.57083,-5.36667,Medina of T¨¦touan (formerly known as Titawin)
33.25667,-8.50194,Portuguese City of Mazagan (El Jadida)
34.02416667,-6.822777778,"Rabat, Modern Capital and Historic City: a Shared Heritage"
-15.03417,40.73583,Island of Mozambique
22.47,95.81861111,Pyu Ancient Cities
21.14888889,94.88444444,Bagan
-20.59558333,14.37258333,Twyfelfontein or /Ui-//aes
-24.88527778,15.40777778,Namib Sand Sea
27.96528,86.91306,Sagarmatha National Park
27.70395,85.30858,Kathmandu Valley
27.5,84.33333,Chitwan National Park
27.46889,83.27611,"Lumbini, the Birthplace of the Lord Buddha"
52.63861111,5.771666667,Schokland and Surroundings
52.555,4.791388889,Dutch Water Defence Lines
51.8825,4.649444444,Mill Network at Kinderdijk-Elshout
12.10194,-68.90222,"Historic Area of Willemstad, Inner City and Harbour, Cura?ao"
52.84583,5.67889,Ir.D.F. Woudagemaal (D.F. Wouda Steam Pumping Station)
52.54888889,4.911111111,Droogmakerij de Beemster (Beemster Polder)
52.08533333,5.147555556,Rietveld Schr?derhuis (Rietveld Schr?der House)
52.365,4.887777778,Seventeenth-Century Canal Ring Area of Amsterdam inside the Singelgracht
51.92444444,4.4325,Van Nellefabriek
53.187375,5.543752778,Eisinga Planetarium in Franeker
-39.29083333,175.5622222,Tongariro National Park
-45.03602778,167.3196111,Te Wahipounamu ¨C South West New Zealand
-50.75,166.1044444,New Zealand Sub-Antarctic Islands
12.40047,-86.616336,Ruins of Le¨®n Viejo
12.435,-86.87805556,Le¨®n Cathedral
18.0,9.0,Air and T¨¦n¨¦r¨¦ Natural Reserves
16.97361111,7.991388889,Historic Centre of Agadez
10.74056,13.57194,Sukur Cultural Landscape
7.75556,4.55222,Osun-Osogbo Sacred Grove
62.57388889,11.38555556,R?ros Mining Town and the Circumference
61.29825949,7.322678289,Urnes Stave Church
60.39722,5.32306,Bryggen
69.95,23.18333,Rock Art of Alta
65.61667,11.75,Vega?yan ¨C The Vega Archipelago
62.11667,7.16667,West Norwegian Fjords ¨C Geirangerfjord and N?r?yfjord
59.87861111,8.593611111,Rjukan-Notodden Industrial Heritage Site
22.96417,57.30111,Bahla Fort
23.26986,56.745,"Archaeological Sites of Bat, Al-Khutm and Al-Ayn"
18.25333,53.64759,Land of Frankincense
22.99888889,57.53605556,<i>Aflaj</i> Irrigation Systems of Oman
22.69522222,59.37811111,Ancient City of Qalhat
27.32916667,68.13888889,Archaeological Ruins at Moenjodaro
33.77916667,72.8875,Taxila
34.32083333,71.94583333,Buddhist Ruins of Takht-i-Bahi and Neighbouring City Remains at Sahr-i-Bahlol
24.76666667,67.9,"Historical Monuments at Makli, Thatta"
31.59027778,74.30972222,Fort and Shalamar Gardens in Lahore
32.9625,73.58888889,Rohtas Fort
7.246925,134.3525,Rock Islands Southern Lagoon
9.553888889,-79.65583333,Fortifications on the Caribbean Side of Panama: Portobelo-San Lorenzo
7.736111111,-77.54722222,Darien National Park
8.951111111,-79.54055556,Archaeological Site of Panam¨¢ Viejo and Historic District of Panam¨¢
7.433,-81.766,Coiba National Park and its Special Zone of Marine Protection
-5.783711111,144.3317222,Kuk Early Agricultural Site
-27.131613,-55.702672,Jesuit Missions of La Sant¨ªsima Trinidad de Paran¨¢ and Jes¨²s de Tavarangue
-13.517276,-71.980004,City of Cuzco
-13.184934,-72.533443,Historic Sanctuary of Machu Picchu
-9.592772544,-77.1784535,Chavin (Archaeological Site)
-9.33333,-77.4,Huascar¨¢n National Park
-8.107836,-79.074737,Chan Chan Archaeological Zone
-12.25,-71.75,Man¨² National Park
-12.046542,-77.0304,Historic Centre of Lima
-7.75,-77.25,R¨ªo Abiseo National Park
-14.72583,-75.14861,Lines and Geoglyphs of Nasca and Palpa
-16.398353,-71.536777,Historical Centre of the City of Arequipa
-10.89166667,-77.52138889,Sacred City of Caral-Supe
-9.556861111,-78.23591667,Chankillo Archaeoastronomical Complex
17.575,120.3875,Historic City of Vigan
10.16666667,118.9166667,Puerto-Princesa Subterranean River National Park
8.953333333,119.8675,Tubbataha Reefs Natural Park
14.59,120.97,Baroque Churches of the Philippines
16.93389,121.13667,Rice Terraces of the Philippine Cordilleras
6.717169444,126.1734306,Mount Hamiguitan Range Wildlife Sanctuary
50.06138889,19.93722222,Historic Centre of Krak¨®w
52.25,21.013,Historic Centre of Warsaw
50.03888889,19.175,Auschwitz Birkenau <br /><small>German Nazi Concentration and Extermination Camp (1940-1945)</small>
49.97916667,20.06388889,Wieliczka and Bochnia Royal Salt Mines
50.71694444,23.25277778,Old City of Zamo??
53.01055556,18.60416667,Medieval Town of Toru¨½
54.041,19.02972222,Castle of the Teutonic Order in Malbork
49.86668,19.676361,Kalwaria Zebrzydowska: the Mannerist Architectural and Park Landscape Complex and Pilgrimage Park
49.75,21.23333333,Wooden Churches of Southern Ma?opolska
51.05427778,16.19594444,Churches of Peace in Jawor and ?widnica
51.10694722,17.07701389,Centennial Hall in Wroc?aw
50.44269722,18.85122778,Tarnowskie G¨®ry Lead-Silver-Zinc Mine and its Underground Water Management System
50.96797222,21.50230556,Krzemionki Prehistoric Striped Flint Mining Region
38.655,-27.22,Central Zone of the Town of Angra do Heroismo in the Azores
38.69194,-9.21583,Monastery of the Hieronymites and Tower of Bel¨¦m in Lisbon
39.65778,-8.82694,Monastery of Batalha
39.60472,-8.4175,Convent of Christ in Tomar
38.57306,-7.90778,Historic Centre of ?vora
39.55,-8.97667,Monastery of Alcoba?a
38.78333,-9.41667,Cultural Landscape of Sintra
41.14166667,-8.616666667,"Historic Centre of Oporto, Luiz I Bridge and Monastery of Serra do Pilar"
32.76666667,-17.0,Laurisilva of Madeira
41.443,-8.292777778,Historic Centre of Guimar?es and Couros Zone
41.10166667,-7.798888889,Alto Douro Wine Region
38.51344444,-28.54116667,Landscape of the Pico Island Vineyard Culture
38.88061944,-7.163322222,Garrison Border Town of Elvas and its Fortifications
40.20781111,-8.425775,University of Coimbra ¨C Alta and Sofia
38.93716667,-9.325527778,"Royal Building of <i>Mafra</i> ¨C Palace, Basilica, Convent, <i>Cerco</i> Garden and Hunting Park (<i>Tapada</i>)"
41.55494444,-8.377027778,Sanctuary of Bom Jesus do Monte in Braga
25.97805556,51.02972222,Al Zubarah Archaeological Site
35.791498,129.349029,Seokguram Grotto and Bulguksa Temple
35.801672,128.098711,"Haeinsa Temple Janggyeong Panjeon, the Depositories for the <I>Tripitaka Koreana</I> Woodblocks"
37.57472222,126.9936111,Jongmyo Shrine
37.57888889,126.9911111,Changdeokgung Palace Complex
37.27222,127.00833,Hwaseong Fortress
35.78889,129.22667,Gyeongju Historic Areas
34.96667,126.92917,"Gochang, Hwasun and Ganghwa Dolmen Sites"
33.46888889,126.7202778,Jeju Volcanic Island and Lava Tubes
37.19722222,128.4527778,Royal Tombs of the Joseon Dynasty
36.53916667,128.5166667,Historic Villages of Korea: Hahoe and Yangdong
37.47888889,127.1811111,Namhansanseong
36.46194444,127.1272222,Baekje Historic Areas
36.72729722,128.8434278,"Seowon, Korean Neo-Confucian Academies"
36.54194444,127.8333333,"Sansa, Buddhist Mountain Monasteries in Korea"
34.82882222,126.1044444,"Getbol, Korean Tidal Flats"
35.23726389,128.873725,Gaya Tumuli
45.08333,29.5,Danube Delta
46.13583333,24.77305556,Villages with Fortified Churches in Transylvania
45.16972222,24.00722222,Monastery of Horezu
47.77833333,25.71277778,Churches of Moldavia
46.21777778,24.79222222,Historic Centre of Sighi?oara
47.82083333,24.05583333,Wooden Churches of Maramure?
45.62305556,23.31194444,Dacian Fortresses of the Orastie Mountains
45.03827778,23.27877778,Br?ncu?i Monumental Ensemble of T?rgu Jiu
46.30611111,23.13055556,Ro?ia Montan? Mining Landscape
47.18078889,23.15941111,Frontiers of the Roman Empire ¨C Dacia
59.95,30.31833,Historic Centre of Saint Petersburg and Related Groups of Monuments
62.06758333,35.22436111,Kizhi Pogost
55.75402778,37.62041667,"Kremlin and Red Square, Moscow"
58.53333,31.28333,Historic Monuments of Novgorod and Surroundings
65.08333333,35.66666667,Cultural and Historic Ensemble of the Solovetsky Islands
56.15,40.41666667,White Monuments of Vladimir and Suzdal
55.65556,37.67389,"Church of the Ascension, Kolomenskoye"
56.31035,38.1312,Architectural Ensemble of the Trinity Sergius Lavra in Sergiev Posad
63.62583333,58.9525,Virgin Komi Forests
53.17361111,107.6625,Lake Baikal
56.33333333,158.5,Volcanoes of Kamchatka
46.68333333,136.6611111,Central Sikhote-Alin
50.46666667,86.0,Golden Mountains of Altai
44.0,40.0,Western Caucasus
55.79945266,49.10646024,Historic and Architectural Complex of the Kazan Kremlin
54.97888889,49.05638889,Bolgar Historical and Archaeological Complex
59.95,38.56666667,Ensemble of the Ferapontov Monastery
71.18888889,-179.7152778,Natural System of Wrangel Island Reserve
42.05583333,48.28277778,"Citadel, Ancient City and Fortress Buildings of Derbent"
55.72611111,37.55508333,Ensemble of the Novodevichy Convent
57.65278,39.87611,Historical Centre of the City of Yaroslavl
69.04694444,94.15805556,Putorana Plateau
60.66666667,127.0,Lena Pillars Nature Park
57.80719444,28.32855556,Churches of the Pskov School of Architecture
55.77027778,48.65277778,Assumption Cathedral and Monastery of the town-island of Sviyazhsk
61.7299,36.01263889,Petroglyphs of Lake Onega and the White Sea
55.79090833,49.11909722,Astronomical Observatories of Kazan Federal University
61.928,38.17261111,Cultural Landscape of Kenozero Lake
-2.455527778,29.56772222,"Memorial sites of the Genocide: Nyamata, Murambi, Gisozi and Bisesero"
-2.5553,29.24733333,Nyungwe National Park
17.34694,-62.83722,Brimstone Hill Fortress National Park
13.80708333,-61.07036111,Pitons Management Area
43.93277778,12.45194444,San Marino Historic Centre and Mount Titano
26.78361111,37.955,Hegra Archaeological Site (al-Hijr / Mad¨¡ ? in ?¨¡li?)
24.73413333,46.57246667,At-Turaif District in ad-Dir'iyah
21.48388889,39.1875,"Historic Jeddah, the Gate to Makkah"
28.01055556,40.91305556,Rock Art in the Hail Region of Saudi Arabia
25.40216667,49.63056944,"Al-Ahsa Oasis, an Evolving Cultural Landscape"
18.31671111,44.54533611,?im¨¡ Cultural Area
19.36388889,45.59833333,¡®Uruq Bani Ma¡¯arid
19.76491667,45.16338889,The Cultural Landscape of Al-Faw Archaeological Area
16.414602,-16.237906,Djoudj National Bird Sanctuary
14.66722,-17.40083,Island of Gor¨¦e
12.841271,-12.899781,Niokolo-Koba National Park
16.02778,-16.50444,Island of Saint-Louis
13.83527778,-16.49861111,Saloum Delta
12.59333333,-12.84583333,"Bassari Country: Bassari, Fula and Bedik Cultural Landscapes"
43.11889,20.42278,Stari Ras and Sopo?ani
43.48652778,20.53166667,Studenica Monastery
42.66111111,20.26555556,Medieval Monuments in Kosovo
43.89930556,22.18611111,"Gamzigrad-Romuliana, Palace of Galerius"
-9.416666667,46.41666667,Aldabra Atoll
-4.32917,55.7375,Vall¨¦e de Mai Nature Reserve
1.315277778,103.8161111,Singapore Botanic Gardens
48.46111,18.9,Historic Town of Bansk¨¢ ?tiavnica and the Technical Monuments in its Vicinity
48.99944444,20.7675,"Levo?a, Spi?sk? Hrad and the Associated Cultural Monuments"
49.03916667,19.27833333,Vlkol¨ªnec
49.29277778,21.27555556,Bardejov Town Conservation Reserve
49.33611111,19.55833333,Wooden Churches of the Slovak part of the Carpathian Mountain Area
45.66667,14.0,?kocjan Caves
46.04333333,14.50222222,The works of Jo?e Ple?nik in Ljubljana ¨C Human Centred Urban Design
-11.68333,160.33333,East Rennell
-27.83889,32.55,iSimangaliso Wetland Park
-24.15861,29.17694,Fossil Hominid Sites of South Africa
-33.8,18.36666667,Robben Island
-34.36111111,18.475,Cape Floral Region Protected Areas
-22.1925,29.23889,Mapungubwe Cultural Landscape
-26.86,27.26,Vredefort Dome
-28.6,17.20388889,Richtersveld Cultural and Botanical Landscape
-25.68761111,20.37458333,?Khomani Cultural Landscape
-25.97388889,31.01388889,Barberton Makhonjwa Mountains
-25.74069167,28.21179167,"Human Rights, Liberation and Reconciliation: Nelson Mandela Legacy Sites"
-32.38638889,18.4525,The Emergence of Modern Human Behaviour: The Pleistocene Occupation Sites of South Africa
43.38252778,-4.116166667,Cave of Altamira and Paleolithic Cave Art of Northern Spain
40.94847222,-4.11675,Old Town of Segovia and its Aqueduct
43.36262,-5.84303,Monuments of Oviedo and the Kingdom of the Asturias
37.87919444,-4.779722222,Historic Centre of Cordoba
37.17677778,-3.589916667,"Alhambra, Generalife and Albayz¨ªn, Granada"
42.34073333,-3.704011111,Burgos Cathedral
40.58911111,-4.14775,"Monastery and Site of the Escurial, Madrid"
41.41338,2.152972,Works of Antoni Gaud¨ª
42.88076,-8.54468,Santiago de Compostela (Old Town)
40.65645,-4.70012,Old Town of ?vila with its Extra-Muros Churches
40.34389,-1.10722,Mudejar Architecture of Aragon
39.85694444,-4.024444444,Historic City of Toledo
28.12625,-17.23722222,Garajonay National Park
40.96525,-5.6645,Old City of Salamanca
37.38384,-5.99155,"Cathedral, Alc¨¢zar and Archivo de Indias in Seville"
39.47444,-6.37,Old Town of C¨¢ceres
38.91113889,1.435194444,"Ibiza, Biodiversity and Culture"
41.38083,1.0825,Poblet Monastery
38.01131,-3.37122,Renaissance Monumental Ensembles of ?beda and Baeza
38.91611,-6.33778,Archaeological Ensemble of M¨¦rida
39.45285,-5.3275,Royal Monastery of Santa Mar¨ªa de Guadalupe
43.335,-6.414722222,Routes of Santiago de Compostela: <i>Camino Franc¨¦s</i> and Routes of Northern Spain
36.9477,-6.358861,Do?ana National Park
40.07662,-2.13174,Historic Walled Town of Cuenca
39.47441667,-0.378444444,La Lonja de la Seda de Valencia
42.46939,-6.77075,Las M¨¦dulas
41.38778,2.175,"Palau de la M¨²sica Catalana and Hospital de Sant Pau, Barcelona"
42.32586,-2.86496,San Mill¨¢n Yuso and Suso Monasteries
39.78995,-1.03331,Rock Art of the Mediterranean Basin on the Iberian Peninsula
41.11472222,1.259305556,Archaeological Ensemble of Tarraco
40.48138889,-3.368055556,University and Historic Precinct of Alcal¨¢ de Henares
28.47788889,-16.31177778,San Crist¨®bal de La Laguna
38.26666667,-0.716666667,Palmeral of Elche
43.01064079,-7.553069941,Roman Walls of Lugo
42.50472222,0.803611111,Catalan Romanesque Churches of the Vall de Bo¨ª
42.34972222,-3.515277778,Archaeological Site of Atapuerca
40.03645,-3.60934,Aranjuez Cultural Landscape
43.323175,-3.016833333,Vizcaya Bridge
28.27138889,-16.64361111,Teide National Park
43.38583333,-8.406388889,Tower of Hercules
39.73083333,2.694722222,Cultural Landscape of the Serra de Tramuntana
37.025,-4.544444444,Antequera Dolmens Site
39.9975,3.908888889,Talayotic Menorca
37.88588889,-4.867694444,Caliphate City of Medina Azahara
28.04438889,-15.66119444,Risco Caido and the Sacred Mountains of Gran Canaria Cultural Landscape
40.41533333,-3.687055556,"Paseo del Prado and Buen Retiro, a landscape of Arts and Sciences"
8.333333333,80.38333333,Sacred City of Anuradhapura
7.915833333,81.00055556,Ancient City of Polonnaruwa
7.95,80.75,Ancient City of Sigiriya
6.416666667,80.5,Sinharaja Forest Reserve
7.293611111,80.64027778,Sacred City of Kandy
6.028051,80.216346,Old Town of Galle and its Fortifications
7.856666667,80.64916667,Rangiri Dambulla Cave Temple
7.45245,80.8021,Central Highlands of Sri Lanka
31.70435278,35.2075,"Birthplace of Jesus: Church of the Nativity and the Pilgrimage Route, Bethlehem"
31.71638889,35.15888889,"Palestine: Land of Olives and Vines ¨C Cultural Landscape of Southern Jerusalem, Battir"
31.52444444,35.10833333,Hebron/Al-Khalil Old Town
31.87130556,35.44405556,Ancient Jericho/Tell es-Sultan
31.44730556,34.36636111,Saint Hilarion Monastery/ Tell Umm Amer
19.73611111,37.44305556,Sanganeb Marine National Park and Dungonab Bay ¨C Mukkawar Island Marine National Park
18.537,31.82802778,Gebel Barkal and the Sites of the Napatan Region
16.93333333,33.71666667,Archaeological Sites of the Island of Meroe
5.82611,-55.15,Historic Inner City of Paramaribo
4.0,-56.5,Central Suriname Nature Reserve
5.431111111,-54.98266667,Jodensavanne Archaeological Site: Jodensavanne Settlement and Cassipora Creek Cemetery
59.33514,17.54264,Birka and Hovg?rden
59.97,16.01,Engelsberg Ironworks
58.70111,11.34111,Rock Carvings in Tanum
59.27556,18.09944,Skogskyrkog?rden
59.32306,17.88333,Royal Domain of Drottningholm
57.64167,18.29583,Hanseatic Town of Visby
65.64611,22.02861,"Church Town of Gammelstad, Lule?"
67.33333,17.58333,Laponian Area
56.16667,15.58333,Naval Port of Karlskrona
56.325,16.48333,Agricultural Landscape of Southern ?land
60.60472,15.63083,Mining Area of the Great Copper Mountain in Falun
57.1,12.38333333,"Grimeton Radio Station, Varberg"
61.70722222,16.19583333,Decorated Farmhouses of H?lsingland
46.94806,7.45028,Old City of Berne
47.42333,9.37778,Abbey of St Gall
46.62945,10.44765,Benedictine Convent of St John at M¨¹stair
46.19314,9.02242,"Three Castles, Defensive Wall and Ramparts of the Market-Town of Bellinzona"
46.5,8.033333333,Swiss Alps Jungfrau-Aletsch
46.91666667,9.25,Swiss Tectonic Arena Sardona
46.49194444,6.746111111,"Lavaux, Vineyard Terraces"
47.10388889,6.832777778,"La Chaux-de-Fonds / Le Locle, Watchmaking Town Planning"
33.51083333,36.30972222,Ancient City of Damascus
36.19916667,37.16277778,Ancient City of Aleppo
32.51916667,36.48416667,Ancient City of Bosra
34.55416667,38.26666667,Site of Palmyra
34.75666667,36.29444444,Crac des Chevaliers and Qal¡¯at Salah El-Din
36.33416667,36.84416667,Ancient Villages of Northern Syria
39.50788889,67.45872222,Proto-urban Site of Sarazm
38.765,72.30527778,Tajik National Park (Mountains of the Pamirs)
37.20472222,68.34138889,Tugay forests of the Tigrovaya Balka Nature Reserve
17.00722,99.78972,Historic Town of Sukhothai and Associated Historic Towns
17.407772,103.237589,Ban Chiang Archaeological Site
14.34778,100.56056,Historic City of Ayutthaya
14.33,102.05,Dong Phayayen-Khao Yai Forest Complex
15.33333,98.91667,Thungyai-Huai Kha Khaeng Wildlife Sanctuaries
12.86566667,99.40016667,Kaeng Krachan Forest Complex
17.73105833,102.3562667,"Phu Phrabat, a testimony to the S¨©ma stone tradition of the Dvaravati period"
15.46581667,101.1511139,The Ancient Town of Si Thep and its Associated Dvaravati Monuments
37.16361,9.67472,Ichkeul National Park
36.81667,10.16667,Medina of Tunis
36.85278,10.32333,Archaeological Site of Carthage
35.29639,10.70694,Amphitheatre of El Jem
36.94639,11.09917,Punic Town of Kerkuane and its Necropolis
35.82778,10.63861,Medina of Sousse
35.68167,10.10389,Kairouan
36.42361,9.22028,Dougga / Thugga
33.79241944,11.00395833,Djerba: Testimony to a settlement pattern in an island territory
41.00847,28.97993,Historic Areas of Istanbul
38.66667,34.85,G?reme National Park and the Rock Sites of Cappadocia
39.371271,38.121826,Great Mosque and Hospital of Divri?i
40.01389,34.62056,Hattusha: the Hittite Capital
38.03661,38.76369,Nemrut Da?
36.335,29.32028,Xanthos-Letoon
37.92389,29.12333,Hierapolis-Pamukkale
41.26,32.68972,City of Safranbolu
39.95644,26.239,Archaeological Site of Troy
37.92916667,27.35944444,Ephesus
41.67777778,26.55944444,Selimiye Mosque and its Social Complex
37.66666667,32.82805556,Neolithic Site of ?atalh?y¨¹k
40.18473056,29.06233611,Bursa and Cumal?k?z?k: the Birth of the Ottoman Empire
39.12583333,27.18,Pergamon and its Multi-Layered Cultural Landscape
37.9031,40.23930833,Diyarbak?r Fortress and Hevsel Gardens Cultural Landscape
40.5,43.56666667,Archaeological Site of Ani
37.70833333,28.72361111,Aphrodisias
37.22324194,38.92236389,G?bekli Tepe
38.3822,38.36109167,Arslantepe Mound
39.64333333,31.98611111,Gordion
38.75503611,30.529575,Wooden Hypostyle Mosques of Medieval Anatolia
37.70083,62.1775,State Historical and Cultural Park ¡°Ancient Merv¡±
42.18318,59.08494,Kunya-Urgench
37.99972222,58.19861111,Parthian Fortresses of Nisa
-1.080555556,29.66138889,Bwindi Impenetrable National Park
0.223611111,29.92416667,Rwenzori Mountains National Park
0.348611111,32.55138889,Tombs of Buganda Kings at Kasubi
50.45258,30.51686,"Kyiv: Saint-Sophia Cathedral and Related Monastic Buildings, Kyiv-Pechersk Lavra"
49.84163,24.03198,L'viv ¨C the Ensemble of the Historic Centre
48.29666667,25.92472222,Residence of Bukovinian and Dalmatian Metropolitans
44.61083333,33.49138889,Ancient City of Tauric Chersonese and its Chora
46.48645,30.74161389,The Historic Centre of Odesa
24.06777778,55.80638889,"Cultural Sites of Al Ain (Hafit, Hili, Bidaa Bint Saud and Oases Areas)"
55.24083333,-6.511666667,Giant's Causeway and Causeway Coast
54.77472222,-1.576111111,Durham Castle and Cathedral
52.62638889,-2.472777778,Ironbridge Gorge
54.11611111,-1.573055556,Studley Royal Park including the Ruins of Fountains Abbey
51.17888889,-1.825277778,"Stonehenge, Avebury and Associated Sites"
53.13972222,-4.276944444,Castles and Town Walls of King Edward in Gwynedd
57.81722222,-8.576666667,St Kilda
54.47661111,-3.082416667,The English Lake District
51.84194444,-1.361388889,Blenheim Palace
51.499,-0.127,Palace of Westminster and Westminster Abbey including Saint Margaret¡¯s Church
51.38130556,-2.359055556,City of Bath
55.66333333,-3.783055556,New Lanark
-24.36666667,-128.3333333,Henderson Island
51.50805556,-0.076111111,Tower of London
51.28,1.083333333,"Canterbury Cathedral, St Augustine's Abbey, and St Martin's Church"
58.99605556,-3.188666667,Heart of Neolithic Orkney
55.95,-3.216666667,Old and New Towns of Edinburgh
-40.32472222,-9.928611111,Gough and Inaccessible Islands
51.48116667,-0.003777778,Maritime Greenwich
32.37944444,-64.67777778,"Historic Town of St George and Related Fortifications, Bermuda"
51.77638889,-3.088055556,Blaenavon Industrial Landscape
53.83916667,-1.788333333,Saltaire
50.70555556,-2.989888889,Dorset and East Devon Coast
53.02888889,-1.488055556,Derwent Valley Mills
51.48194444,-0.294027778,"Royal Botanic Gardens, Kew"
50.13611111,-5.383611111,Cornwall and West Devon Mining Landscape
52.97027778,-3.087777778,Pontcysyllte Aqueduct and Canal
56.00111111,-3.388888889,The Forth Bridge
36.12266944,-5.342061111,Gorham's Cave Complex
53.23391667,-2.303861111,Jodrell Bank Observatory
53.12083333,-4.115,The Slate Landscape of Northwest Wales
58.39916667,-4.046111111,The Flow Country
-3.18722,35.54083,Ngorongoro Conservation Area
-8.95778,39.52278,Ruins of Kilwa Kisiwani and Ruins of Songo Mnara
-2.33333,34.56667,Serengeti National Park
-6.16306,39.18917,Stone Town of Zanzibar
-9.0,37.4,Selous Game Reserve
-3.06667,37.36667,Kilimanjaro National Park
-4.724444444,35.83388889,Kondoa Rock-Art Sites
37.26166667,-108.4855556,Mesa Verde National Park
44.46056,-110.82778,Yellowstone National Park
36.10083333,-112.0905556,Grand Canyon National Park
25.55444444,-80.99638889,Everglades National Park
39.94861111,-75.15,Independence Hall
41.37388889,-123.9980556,Redwood National and State Parks
37.18722222,-86.10305556,Mammoth Cave National Park
47.74833333,-123.4488889,Olympic National Park
38.65861111,-90.06138889,Cahokia Mounds State Historic Site
35.59305556,-83.43555556,Great Smoky Mountains National Park
18.46666667,-66.125,La Fortaleza and San Juan National Historic Site in Puerto Rico
40.68944444,-74.04472222,Statue of Liberty
37.74611111,-119.5966667,Yosemite National Park
36.06377778,-107.9708333,Chaco Culture
19.40083333,-155.1236111,Hawaii Volcanoes National Park
38.03277778,-78.50388889,Monticello and the University of Virginia in Charlottesville
36.438,-105.546,Taos Pueblo
32.16666667,-104.3833333,Carlsbad Caverns National Park
25.34907,-170.14582,Papah¨¡naumoku¨¡kea
32.63694444,-91.40638889,Monumental Earthworks of Poverty Point
29.32805556,-98.46,San Antonio Missions
39.90557083,-79.46647556,The 20th-Century Architecture of Frank Lloyd Wright
40.05365833,-82.44606111,Hopewell Ceremonial Earthworks
-34.47119,-57.849898,Historic Quarter of the City of Colonia del Sacramento
-33.11777778,-58.33166667,Fray Bentos Industrial Landscape
-34.74391944,-55.76640833,The work of engineer Eladio Dieste: Church of Atl¨¢ntida
41.378088,60.360253,Itchan Kala
39.77472,64.42861,Historic Centre of Bukhara
39.66861,67.0,Samarkand ¨C Crossroad of Cultures
39.05,66.83333,Historic Centre of Shakhrisyabz
-17.62806944,168.1777194,Chief Roi Mata¡¯s Domain
11.409794,-69.679228,Coro and its Port
5.337994,-62.037883,Canaima National Park
10.49073,-66.89068,Ciudad Universitaria de Caracas
20.83277778,107.1611111,Ha Long Bay - Cat Ba Archipelago
16.46944,107.57778,Complex of Hu¨¦ Monuments
15.88333333,108.3333333,Hoi An Ancient Town
15.773843,108.109169,My Son Sanctuary
17.53722222,106.15125,Phong Nha-Ke Bang National Park
21.03752,105.838623,Central Sector of the Imperial Citadel of Thang Long - Hanoi
20.07805556,105.6047222,Citadel of the Ho Dynasty
20.25666667,105.8963889,Trang An Landscape Complex
15.92694,48.62667,Old Walled City of Shibam
15.35555556,44.20805556,Old City of Sana'a
14.19533333,43.31552778,Historic Town of Zabid
12.5,53.83333333,Socotra Archipelago
15.42687778,45.33522778,"Landmarks of the Ancient Kingdom of Saba, Marib"
-15.81944444,29.40805556,"Mana Pools National Park, Sapi and Chewore Safari Areas"
-20.5,28.5,Matobo Hills
-20.28333333,30.93333333,Great Zimbabwe National Monument
-20.15833333,28.37666667,Khami Ruins National Monument
48.9,22.18333333,Ancient and Primeval Beech Forests of the Carpathians and Other Regions of Europe
40.99183333,20.70416667,Natural and Cultural Heritage of the Ohrid region
46.46841389,6.829336111,"The Architectural Work of Le Corbusier, an Outstanding Contribution to the Modern Movement"
-18.25,-69.59166667,"Qhapaq ?an, Andean Road System"
-28.54333333,-54.26583333,"Jesuit Missions of the Guaranis: San Ignacio Mini, Santa Ana, Nuestra Se?ora de Loreto and Santa Maria Mayor (Argentina), Ruins of Sao Miguel das Missoes (Brazil)"
50.49222222,5.866944444,The Great Spa Towns of Europe
47.27833333,8.2075,Prehistoric Pile Dwellings around the Alps
48.11519444,16.86138889,Frontiers of the Roman Empire ¨C The Danube Limes (Western Segment)
47.71927778,16.72272222,Fert? / Neusiedlersee Cultural Landscape
37.42147222,55.72427778,Hyrcanian Forests
59.05777778,26.33777778,Struve Geodetic Arc
52.7275,23.98111111,Bia?owie?a Forest
50.17444,3.23139,Belfries of Belgium and France
53.04222222,6.391588889,Colonies of Benevolence
11.88416667,2.487777778,W-Arly-Pendjari Complex
10.14808333,1.100222222,"Koutammakou, the Land of the Batammariba"
43.09221389,17.92405278,Ste?ci Medieval Tombstone Graveyards
2.609444444,16.55416667,Sangha Trinational
61.19758333,-140.9919722,Kluane / Wrangell-St. Elias / Glacier Bay / Tatshenshini-Alsek
48.99605556,-113.9041667,Waterton Glacier International Peace Park
34.30444444,108.8572222,Silk Roads: the Routes Network of Chang'an-Tianshan Corridor
9.407083333,-82.93880556,Talamanca Range-La Amistad Reserves / La Amistad National Park
7.60318,-8.39097,Mount Nimba Strict Nature Reserve
45.70333333,9.663611111,Venetian Works of Defence between the 16th and 17th Centuries: <em>Stato da Terra</em> ¨C Western <em>Stato da Mar</em>
50.40652778,12.83734444,Erzgebirge/Kru?noho?¨ª Mining Region
53.52861111,8.556111111,Wadden Sea
55.35555556,9.481388889,Moravian Church Settlements
63.3,21.3,High Coast / Kvarken Archipelago
42.68542,-0.0005,Pyr¨¦n¨¦es - Mont Perdu
13.69111111,-15.5225,Stone Circles of Senegambia
52.18033333,4.433,Frontiers of the Roman Empire ¨C The Lower German Limes
51.547653,14.729389,Muskauer Park / Park Mu?akowski
54.99261111,-2.601,Frontiers of the Roman Empire
41.89022222,12.49230556,"Historic Centre of Rome, the Properties of the Holy See in that City Enjoying Extraterritorial Rights and San Paolo Fuori le Mura"
48.47573,20.48687,Caves of Aggtelek Karst and Slovak Karst
45.88888889,8.913888889,Monte San Giorgio
46.49833333,9.846388889,Rhaetian Railway in the Albula / Bernina Landscapes
43.71833333,68.67888889,Western Tien-Shan
44.02583333,79.03416667,Cold Winter Deserts of Turan
-29.76527778,29.12305556,Maloti-Drakensberg Park
55.27458,20.96239,Curonian Spit
50.275,92.71972222,Uvs Nuur Basin
49.93022222,115.4254444,Landscapes of Dauria
49.53388889,21.03222222,Wooden <em>Tserkvas</em> of the Carpathian Region in Poland and Ukraine
40.6975,-6.661111111,Prehistoric Rock Art Sites in the C?a Valley and Siega Verde
38.77527778,-4.838888889,Heritage of Mercury. Almad¨¦n and Idrija
39.44148889,69.68555833,Silk Roads: Zarafshan-Karakum Corridor
-17.92453,25.85539,Mosi-oa-Tunya / Victoria Falls
